image_name,width,height,capacity_pct,bit_count,MSE,PSNR,AD,SC,NCC,NAE
baboon.png,512,512,25,196608,0.12479146321614583,57.16895483894338,0.12479146321614583,0.9999942171676048,0.999996741490491,0.0009868390621750843
baboon.png,512,512,50,393216,0.24950663248697916,54.15998266162163,0.24950663248697916,0.9999893453339601,0.9999934849948445,0.0019730747990625128
baboon.png,512,512,75,589824,0.37406667073567706,52.4013134649598,0.37406667073567706,0.9999855354743952,0.9999902325625403,0.002958083774531709
baboon.png,512,512,100,786432,0.4990196228027344,51.149627372738,0.4990196228027344,0.9999828578857558,0.9999869698742943,0.00394619987523233
barbara.bmp,512,512,25,196608,0.12481435139973958,57.16815836616259,0.12481435139973958,0.9980654286901234,0.9999962806054394,0.001109675527701258
barbara.bmp,512,512,50,393216,0.2496007283528646,54.158345125531625,0.2496007283528646,0.9958478027716522,0.9999937980805523,0.002219102345550956
barbara.bmp,512,512,75,589824,0.3745015462239583,52.3962674573457,0.3745015462239583,0.9941919171533041,0.9999916994335655,0.0033295466127933994
barbara.bmp,512,512,100,786432,0.4992663065592448,51.1474810258196,0.4992663065592448,0.9924796949247706,0.9999904170729401,0.004438781245757801
boat.png,512,512,25,196608,0.12469736735026042,57.17223076253233,0.12469736735026042,1.0000573757057674,0.9999967193108028,0.0009613701558905636
boat.png,512,512,50,393216,0.24985249837239584,54.15396664388002,0.24985249837239584,1.000121777087318,0.9999934273955509,0.0019262694988196585
boat.png,512,512,75,589824,0.37468592325846356,52.394129836695235,0.37468592325846356,1.0001653503056935,0.999990143957877,0.002888688607524452
boat.png,512,512,100,786432,0.49923451741536456,51.14775755738463,0.49923451741536456,1.0002170630085836,0.999986868726522,0.003848911777627493
cameraman.tif,512,512,25,196608,0.1250127156575521,57.16126171387479,0.1250127156575521,1.0000035768746747,0.9999964966120654,0.0010566180882862588
cameraman.tif,512,512,50,393216,0.25040435791015625,54.14438478023351,0.25040435791015625,0.9999948253079718,0.9999929826358467,0.0021164388963307345
cameraman.tif,512,512,75,589824,0.37556203206380206,52.383986806248856,0.37556203206380206,0.9999881942430628,0.999989475248276,0.003174282186135237
cameraman.tif,512,512,100,786432,0.5006294250488281,51.135639887064244,0.5006294250488281,0.9999779079423661,0.999985970469152,0.004231362411836272
fruits.png,512,512,25,196608,0.12473297119140625,57.17099093325256,0.12473297119140625,1.0000717265144723,0.9999977770050655,0.0008011214622443886
fruits.png,512,512,50,393216,0.24940363566080728,54.161775807874626,0.24940363566080728,1.0002597457485802,0.999995561848163,0.0016018427476007925
fruits.png,512,512,75,589824,0.3746388753255208,52.39467519853905,0.3746388753255208,1.0002365051152633,0.9999933276827796,0.0024061901255748542
fruits.png,512,512,100,786432,0.49923070271809894,51.1477907423557,0.49923070271809894,1.0002352105006174,0.9999911063074765,0.0032064050646648285
house.tif,512,512,25,196608,0.12534077962239584,57.14987969174363,0.12534077962239584,1.0017837696699121,0.9999975436701094,0.0009179540438524113
house.tif,512,512,50,393216,0.2500508626302083,54.150520037442995,0.2500508626302083,1.0021957792294918,0.9999949078455797,0.0018312890761624902
house.tif,512,512,75,589824,0.3749071756998698,52.39156607997617,0.3749071756998698,1.0024092380627918,0.9999921864792143,0.0027456950486487147
house.tif,512,512,100,786432,0.49953333536783856,51.14515885556691,0.49953333536783856,1.002485421012889,0.999989394519266,0.0036584154544229185
jetplane.tif,512,512,25,196608,0.124725341796875,57.17125658116035,0.124725341796875,1.0000068343569366,0.9999981565174642,0.0007006403672096108
jetplane.tif,512,512,50,393216,0.24992497762044272,54.15270698976546,0.24992497762044272,1.0000153761564334,0.9999963060267801,0.0014039450649894155
jetplane.tif,512,512,75,589824,0.3751335144042969,52.3889449514253,0.3751335144042969,1.00000652037742,0.9999944553890071,0.0021072997636110203
jetplane.tif,512,512,100,786432,0.5003407796223959,51.13814459936868,0.5003407796223959,1.000005064075866,0.9999926047811863,0.002810647319255225
lake.tif,512,512,25,196608,0.12515131632486978,57.15644939048151,0.12515131632486978,0.9999990356700021,0.9999968343574926,0.0010062777261090397
lake.tif,512,512,50,393216,0.2497736612955729,54.15533720893372,0.2497736612955729,0.9999999031230581,0.9999936820920907,0.0020083022641008575
lake.tif,512,512,75,589824,0.37493642171223956,52.39122730581472,0.37493642171223956,0.9999988126476466,0.9999905161639672,0.0030146720062989717
lake.tif,512,512,100,786432,0.4999427795410156,51.141600604352035,0.4999427795410156,0.9999929717102044,0.9999873542312822,0.004019784195279734
lena.bmp,512,512,25,196608,0.12481435139973958,57.16815836616259,0.12481435139973958,0.9981595845680642,0.9999968997625319,0.0010059897373837748
lena.bmp,512,512,50,393216,0.2496007283528646,54.158345125531625,0.2496007283528646,0.9963111844235709,0.99999466571664,0.0020117540038510433
lena.bmp,512,512,75,589824,0.3745015462239583,52.3962674573457,0.3745015462239583,0.9946269949149271,0.9999930719856752,0.003018440651340384
lena.bmp,512,512,100,786432,0.4992663065592448,51.1474810258196,0.4992663065592448,0.9930184650432117,0.9999920740108413,0.004024030690281261
lena_color_256.tif,256,256,25,49152,0.12456258138020833,57.176927610865576,0.12456258138020833,0.999990103378264,0.9999968507208497,0.0009742408181681552
lena_color_256.tif,256,256,50,98304,0.24920145670572916,54.1652978420738,0.24920145670572916,0.9999842238798178,0.9999936995379217,0.0019490783538647922
lena_color_256.tif,256,256,75,147456,0.3735809326171875,52.40695658916016,0.3735809326171875,0.9999912105659485,0.9999905548307427,0.002921887049964591
lena_color_256.tif,256,256,100,196608,0.498779296875,51.15171942203237,0.498779296875,0.9999831048772062,0.9999873895403563,0.0039011005142034288
lena_color_512.tif,512,512,25,196608,0.12497838338216145,57.162454581773225,0.12497838338216145,1.000029074922165,0.9999968633037872,0.0009746546554027037
lena_color_512.tif,512,512,50,393216,0.24995549519856772,54.15217671836989,0.24995549519856772,1.0000582276913534,0.9999937267604981,0.001949299394390669
lena_color_512.tif,512,512,75,589824,0.3744316101074219,52.39707855428617,0.3744316101074219,1.0000705234108531,0.9999906026594886,0.002920037065971666
lena_color_512.tif,512,512,100,786432,0.49968592325846356,51.14383245840539,0.49968592325846356,1.0000912356649168,0.9999874591558415,0.0038968435833726237
lena_gray_256.tif,256,256,25,49152,0.12380472819010417,57.20343129853761,0.12380472819010417,1.0000255707592778,0.9999964961134041,0.0009983571670035265
lena_gray_256.tif,256,256,50,98304,0.24843851725260416,54.178614322720726,0.24843851725260416,1.0000313112959203,0.9999929687013159,0.002003399853017019
lena_gray_256.tif,256,256,75,147456,0.3731231689453125,52.41228143634394,0.3731231689453125,1.000026716673154,0.9999894398098662,0.003008852693571
lena_gray_256.tif,256,256,100,196608,0.497955322265625,51.15889982292795,0.497955322265625,1.0000178698830704,0.9999859067739744,0.004015494982292398
lena_gray_512.tif,512,512,25,196608,0.12508392333984375,57.158788661502065,0.12508392333984375,1.000003869110096,0.9999964621358752,0.0010083550782640682
lena_gray_512.tif,512,512,50,393216,0.2500902811686198,54.149835460540466,0.2500902811686198,1.0000004735130188,0.9999929264739036,0.0020160848677228697
lena_gray_512.tif,512,512,75,589824,0.37492116292317706,52.39140405425409,0.37492116292317706,0.9999941190675377,0.999989395808902,0.0030224000693927066
lena_gray_512.tif,512,512,100,786432,0.5002772013346354,51.138696492300966,0.5002772013346354,1.0000009110616008,0.9999858502114325,0.004032948783793285
livingroom.tif,512,512,25,196608,0.12491989135742188,57.16448763014622,0.12491989135742188,1.0000307967841673,0.9999962342135569,0.0010332504911308065
livingroom.tif,512,512,50,393216,0.2499211629231771,54.15277327824259,0.2499211629231771,1.0000531221904636,0.9999924660053046,0.0020671741027656018
livingroom.tif,512,512,75,589824,0.3749961853027344,52.390535110345894,0.3749961853027344,1.0000508956698346,0.9999886953651921,0.003101707729857137
livingroom.tif,512,512,100,786432,0.4999122619628906,51.141865715097794,0.4999122619628906,1.0000390747817307,0.9999849294934928,0.004134926668464319
mandril_color.tif,512,512,25,196608,0.12467193603515625,57.17311657162796,0.12467193603515625,0.9999769101333571,0.9999964039793151,0.0010496756209416485
mandril_color.tif,512,512,50,393216,0.24982452392578125,54.154452923907705,0.24982452392578125,0.9999164208127298,0.9999927950524373,0.002103398091165429
mandril_color.tif,512,512,75,589824,0.37470118204752606,52.393952977289885,0.37470118204752606,0.9998917200746797,0.9999891938949269,0.0031547973701346525
mandril_color.tif,512,512,100,786432,0.499908447265625,51.141898855078935,0.499908447265625,0.9998778658145802,0.9999855830191775,0.004208980196229152
mandril_gray.tif,512,512,25,196608,0.12488301595052083,57.165769823858376,0.12488301595052083,1.0000032103601637,0.9999965503799941,0.0009720097571521527
mandril_gray.tif,512,512,50,393216,0.2494964599609375,54.16015972953943,0.2494964599609375,1.0000039808496701,0.9999931082030752,0.0019419213382309514
mandril_gray.tif,512,512,75,589824,0.3741162618001302,52.400737746783435,0.3741162618001302,0.9999814405181294,0.9999896660087159,0.0029118824045944987
mandril_gray.tif,512,512,100,786432,0.4994087219238281,51.14624238050192,0.4994087219238281,0.9999737809804139,0.9999862052107971,0.003887079014084482
peppers.png,512,512,25,196608,0.12461471557617188,57.17511030293004,0.12461471557617188,0.999981982284648,0.9999962513620666,0.0011262971707979592
peppers.png,512,512,50,393216,0.24962488810221353,54.15792477667577,0.24962488810221353,0.9999668474434545,0.999992490940995,0.002256168574717194
peppers.png,512,512,75,589824,0.3746999104817708,52.39396771529857,0.3746999104817708,0.9999435965008278,0.9999887288352807,0.0033866261068974746
peppers.png,512,512,100,786432,0.4997418721516927,51.1433462142618,0.4997418721516927,0.9999263209566654,0.9999849677872756,0.004516784828591732
peppers_color.tif,512,512,25,196608,0.12481180826822917,57.16824685592529,0.12481180826822917,1.0001588428090655,0.9999960142167281,0.0011677315314828302
peppers_color.tif,512,512,50,393216,0.24955876668294272,54.1590753018349,0.24955876668294272,1.000134608722143,0.9999920265605365,0.0023348563317611938
peppers_color.tif,512,512,75,589824,0.3749885559082031,52.3906234695821,0.3749885559082031,1.000274315316552,0.9999880242239163,0.003508369654721882
peppers_color.tif,512,512,100,786432,0.4997851053873698,51.14297051743473,0.4997851053873698,1.0004398650659512,0.9999840489938724,0.004675958425921309
peppers_gray.tif,512,512,25,196608,0.12553914388020834,57.14301198233712,0.12553914388020834,0.9998917467893917,0.9999962091602038,0.0010738337959189355
peppers_gray.tif,512,512,50,393216,0.25112279256184894,54.13194228662313,0.25112279256184894,0.9998375399585909,0.9999924175513177,0.0021480482759685857
peppers_gray.tif,512,512,75,589824,0.3765271504720052,52.37284063266007,0.3765271504720052,0.9998287046786787,0.9999886298397882,0.0032207291428059293
peppers_gray.tif,512,512,100,786432,0.5017255147298177,51.12614173683873,0.5017255147298177,0.9998952631240119,0.9999848451470694,0.004291647985952538
pirate.tif,512,512,25,196608,0.1254425048828125,57.14635643286461,0.1254425048828125,0.9999780444096351,0.9999957427766831,0.0011236347815194265
pirate.tif,512,512,50,393216,0.25026575724283856,54.14678929788775,0.25026575724283856,0.9999691091144204,0.9999915066063538,0.002241722689801616
pirate.tif,512,512,75,589824,0.3754920959472656,52.38479561265714,0.3754920959472656,0.9999579698865434,0.999987256850562,0.003363421191135559
pirate.tif,512,512,100,786432,0.5007375081380209,51.13470237079822,0.5007375081380209,0.9999512696401163,0.999983006431564,0.004485290540721163
walkbridge.tif,512,512,25,196608,0.1249847412109375,57.16223365558986,0.1249847412109375,0.999998605807421,0.9999960877565376,0.0010950868189870354
walkbridge.tif,512,512,50,393216,0.25017547607421875,54.14835625964735,0.25017547607421875,1.0000603298967616,0.9999921692778825,0.0021919785057626586
walkbridge.tif,512,512,75,589824,0.3750470479329427,52.38994609470814,0.3750470479329427,1.0000465204506073,0.9999882603525782,0.0032860737615818896
walkbridge.tif,512,512,100,786432,0.5001017252604166,51.14022008080318,0.5001017252604166,1.0000295816166194,0.9999843457974229,0.00438177334432431
woman_blonde.tif,512,512,25,196608,0.12523396809895834,57.15358219237181,0.12523396809895834,0.999998684616207,0.9999968759140725,0.0009270827764864028
woman_blonde.tif,512,512,50,393216,0.25040562947591144,54.1443627266002,0.25040562947591144,1.0000140873341128,0.9999937533587145,0.0018537043083943002
woman_blonde.tif,512,512,75,589824,0.37547047932942706,52.385045637842325,0.37547047932942706,1.0000093955722744,0.9999906334755676,0.0027795351353104743
woman_blonde.tif,512,512,100,786432,0.5003433227539062,51.1381225251101,0.5003433227539062,0.9999742210369221,0.9999875186729106,0.003703944575872479
woman_darkhair.tif,512,512,25,196608,0.12501653035481772,57.161129193219764,0.12501653035481772,0.9999754587974302,0.9999959492410256,0.0011593083010374994
woman_darkhair.tif,512,512,50,393216,0.24993769327799478,54.152486035482156,0.24993769327799478,0.9999624464440746,0.9999919016505951,0.002317732236984752
woman_darkhair.tif,512,512,75,589824,0.3750317891438802,52.390122791011606,0.3750317891438802,0.9999378908529867,0.9999878487845371,0.0034777598216289853
woman_darkhair.tif,512,512,100,786432,0.500298817952474,51.1385088408349,0.500298817952474,0.9999458493829292,0.9999837897295971,0.0046393910549702
